id,symbol,pairSymbol,contractAddress,pairContractAddress,decimals,pairDecimals,chain,modalCexToDex,modalDexToCex,Binance,MEXC,Gateio,INDODAX,KyberSwap,Matcha,OKXDEX,ODOS,ParaSwap,Lifi,isActive
1,1INCH,USDT,0x111111111117dc0aa78b770fa6a738034120c302,0x55d398326f99059fF775485246999027B3197955,18,18,BSC,500,400,TRUE,FALSE,FALSE,FALSE,TRUE,TRUE,TRUE,TRUE,TRUE,TRUE,FALSE
2,1INCH,ETH,0x111111111117dC0aa78b770fA6A738034120C302,0xC02aaA39b223FE8D0A0e5C4F27eAD9083C756Cc2,18,18,Ethereum,350,300,TRUE,FALSE,TRUE,FALSE,TRUE,TRUE,TRUE,FALSE,FALSE,TRUE,TRUE
3,1MBABYDOGE,ETH,0xAC57De9C1A09FeC648E93EB98875B212DB0d460B,0xC02aaA39b223FE8D0A0e5C4F27eAD9083C756Cc2,15,18,Ethereum,1000,1000,TRUE,FALSE,FALSE,FALSE,TRUE,TRUE,TRUE,FALSE,FALSE,TRUE,TRUE
4,AAVE,USDT,0xfb6115445bff7b52feb98650c87f44907e58f802,0x55d398326f99059fF775485246999027B3197955,18,18,BSC,500,400,TRUE,FALSE,FALSE,FALSE,FALSE,FALSE,TRUE,TRUE,FALSE,FALSE,TRUE
5,ABYSS,ETH,0x0E8d6b471e332F140e7d9dbB99E5E3822F728DA6,0xC02aaA39b223FE8D0A0e5C4F27eAD9083C756Cc2,18,18,Ethereum,300,250,FALSE,FALSE,FALSE,TRUE,TRUE,TRUE,TRUE,FALSE,FALSE,TRUE,TRUE
6,ACE,USDT,0xc27a719105a987b4c34116223cae8bd8f4b5def4,0x55d398326f99059fF775485246999027B3197955,18,18,BSC,50,40,TRUE,FALSE,FALSE,FALSE,FALSE,TRUE,FALSE,FALSE,TRUE,FALSE,TRUE
7,ADA,USDT,0x3ee2200efb3400fabb9aacf31297cbdd1d435d47,0x55d398326f99059fF775485246999027B3197955,18,18,BSC,500,400,TRUE,FALSE,FALSE,FALSE,FALSE,FALSE,TRUE,TRUE,TRUE,TRUE,TRUE
8,AI,USDT,0xbda011d7f8ec00f66c1923b049b94c67d148d8b2,0x55d398326f99059fF775485246999027B3197955,18,18,BSC,300,240,TRUE,FALSE,FALSE,FALSE,TRUE,TRUE,TRUE,TRUE,TRUE,TRUE,TRUE
9,AIXBT,USDC,0x4F9Fd6Be4a90f2620860d680c0d4d5Fb53d1A825,0x833589fCD6eDb6E08f4c7C32D4f71b54bdA02913,18,6,Base,1000,900,TRUE,FALSE,TRUE,FALSE,TRUE,FALSE,TRUE,FALSE,FALSE,TRUE,FALSE
10,ALPA,ETH,0x7cA4408137eb639570F8E647d9bD7B7E8717514A,0xC02aaA39b223FE8D0A0e5C4F27eAD9083C756Cc2,18,18,Ethereum,70,70,FALSE,FALSE,TRUE,FALSE,TRUE,TRUE,TRUE,FALSE,FALSE,TRUE,TRUE
11,ALPACA,USDT,0x8F0528cE5eF7B51152A59745bEfDD91D97091d2F,0x55d398326f99059fF775485246999027B3197955,18,18,BSC,250,200,FALSE,FALSE,TRUE,TRUE,TRUE,TRUE,TRUE,TRUE,FALSE,TRUE,TRUE
12,ALPHA,ETH,0xa1faa113cbE53436Df28FF0aEe54275c13B40975,0xC02aaA39b223FE8D0A0e5C4F27eAD9083C756Cc2,18,18,Ethereum,450,400,FALSE,FALSE,TRUE,FALSE,TRUE,TRUE,TRUE,TRUE,TRUE,TRUE,TRUE
13,ALT,USDT,0x8457ca5040ad67fdebbcc8edce889a335bc0fbfb,0x55d398326f99059fF775485246999027B3197955,18,18,BSC,500,400,TRUE,FALSE,FALSE,FALSE,TRUE,FALSE,TRUE,FALSE,TRUE,TRUE,TRUE
14,ALTLAYER,ETH,0x8457CA5040ad67fdebbCC8EdCE889A335Bc0fbFB,0xC02aaA39b223FE8D0A0e5C4F27eAD9083C756Cc2,18,18,Ethereum,300,250,FALSE,FALSE,FALSE,TRUE,TRUE,TRUE,TRUE,FALSE,FALSE,TRUE,FALSE
15,ANKR,USDT,0xf307910a4c7bbc79691fd374889b36d8531b08e3,0x55d398326f99059fF775485246999027B3197955,18,18,BSC,500,400,TRUE,FALSE,FALSE,FALSE,TRUE,FALSE,TRUE,TRUE,TRUE,TRUE,TRUE
16,APE,USDT,0xc762043e211571eb34f1ef377e5e8e76914962f9,0x55d398326f99059fF775485246999027B3197955,18,18,BSC,150,150,TRUE,FALSE,FALSE,FALSE,TRUE,TRUE,TRUE,FALSE,FALSE,TRUE,TRUE
17,ARPA,USDT,0x6f769e65c14ebd1f68817f5f1dcdb61cfa2d6f7e,0x55d398326f99059fF775485246999027B3197955,18,18,BSC,70,60,TRUE,FALSE,FALSE,FALSE,FALSE,TRUE,FALSE,FALSE,TRUE,FALSE,TRUE
18,ASM,ETH,0x2565ae0385659badCada1031DB704442E1b69982,0xC02aaA39b223FE8D0A0e5C4F27eAD9083C756Cc2,18,18,Ethereum,30,25,FALSE,FALSE,TRUE,FALSE,TRUE,TRUE,FALSE,FALSE,FALSE,FALSE,TRUE
19,ATA,USDT,0xa2120b9e674d3fc3875f415a7df52e382f141225,0x55d398326f99059fF775485246999027B3197955,18,18,BSC,150,120,TRUE,FALSE,FALSE,FALSE,TRUE,TRUE,TRUE,FALSE,FALSE,FALSE,TRUE
20,ATOM,USDT,0x0eb3a705fc54725037cc9e008bdede697f62f335,0x55d398326f99059fF775485246999027B3197955,18,18,BSC,500,400,TRUE,FALSE,FALSE,FALSE,TRUE,TRUE,TRUE,FALSE,FALSE,FALSE,TRUE
21,AUCTION,USDT,0x1188d953afc697c031851169eef640f23ac8529c,0x55d398326f99059fF775485246999027B3197955,18,18,BSC,150,150,TRUE,FALSE,FALSE,FALSE,FALSE,FALSE,TRUE,TRUE,TRUE,TRUE,TRUE
22,AUCTION,BNB,0x1188d953aFC697C031851169EEf640F23ac8529C,0xbb4CdB9CBd36B01bD1cBaEBF2De08d9173bc095c,18,18,BSC,80,60,TRUE,FALSE,FALSE,FALSE,TRUE,FALSE,TRUE,FALSE,FALSE,TRUE,TRUE
23,AVA,USDT,0xd9483ea7214fcfd89b4fb8f513b544920e315a52,0x55d398326f99059fF775485246999027B3197955,18,18,BSC,500,400,TRUE,FALSE,FALSE,FALSE,TRUE,FALSE,TRUE,FALSE,FALSE,TRUE,TRUE
24,AVAX,USDT,0x1ce0c2827e2ef14d5c4f29a091d735a204794041,0x55d398326f99059fF775485246999027B3197955,18,18,BSC,500,400,TRUE,FALSE,FALSE,FALSE,TRUE,FALSE,TRUE,FALSE,FALSE,TRUE,TRUE
25,AXL,USDT,0x8b1f4432f943c465a973fedc6d7aa50fc96f1f65,0x55d398326f99059fF775485246999027B3197955,6,18,BSC,500,400,TRUE,FALSE,FALSE,FALSE,TRUE,TRUE,TRUE,FALSE,FALSE,FALSE,TRUE
26,AXS,USDT,0x715d400f88c167884bbcc41c5fea407ed4d2f8a0,0x55d398326f99059fF775485246999027B3197955,18,18,BSC,500,400,TRUE,FALSE,FALSE,FALSE,TRUE,TRUE,TRUE,FALSE,FALSE,TRUE,TRUE
27,BAG,ETH,0x808688c820AB080A6Ff1019F03E5EC227D9b522B,0xC02aaA39b223FE8D0A0e5C4F27eAD9083C756Cc2,18,18,Ethereum,70,60,FALSE,FALSE,TRUE,FALSE,TRUE,TRUE,TRUE,FALSE,FALSE,TRUE,TRUE
28,BAKE,USDT,0xe02df9e3e622debdd69fb838bb799e3f168902c5,0x55d398326f99059fF775485246999027B3197955,18,18,BSC,500,400,TRUE,FALSE,FALSE,FALSE,TRUE,TRUE,TRUE,TRUE,TRUE,TRUE,TRUE
29,BANANAS31,USDT,0x3d4f0513e8a29669b960f9dbca61861548a9a760,0x55d398326f99059fF775485246999027B3197955,18,18,BSC,500,400,TRUE,FALSE,FALSE,FALSE,TRUE,TRUE,TRUE,TRUE,TRUE,TRUE,TRUE
30,BANANAS31,BNB,0x3d4f0513E8a29669B960f9dBcA61861548A9A760,0xbb4CdB9CBd36B01bD1cBaEBF2De08d9173bc095c,18,18,BSC,500,450,TRUE,FALSE,FALSE,FALSE,TRUE,TRUE,TRUE,TRUE,TRUE,FALSE,TRUE
31,BAND,USDT,0xad6caeb32cd2c308980a548bd0bc5aa4306c6c18,0x55d398326f99059fF775485246999027B3197955,18,18,BSC,500,400,TRUE,FALSE,FALSE,FALSE,TRUE,TRUE,TRUE,TRUE,TRUE,TRUE,TRUE
32,BAT,USDT,0x101d82428437127bf1608f699cd651e6abf9766e,0x55d398326f99059fF775485246999027B3197955,18,18,BSC,500,400,TRUE,FALSE,FALSE,FALSE,TRUE,TRUE,TRUE,TRUE,TRUE,TRUE,TRUE
33,BAT,ETH,0x0D8775F648430679A709E98d2b0Cb6250d2887EF,0xC02aaA39b223FE8D0A0e5C4F27eAD9083C756Cc2,18,18,Ethereum,1200,1100,TRUE,FALSE,FALSE,FALSE,TRUE,TRUE,TRUE,FALSE,FALSE,TRUE,TRUE
34,BCH,USDT,0x8ff795a6f4d97e7887c79bea79aba5cc76444adf,0x55d398326f99059fF775485246999027B3197955,18,18,BSC,500,400,TRUE,FALSE,FALSE,FALSE,TRUE,TRUE,TRUE,TRUE,TRUE,TRUE,TRUE
35,BEAMX,USDT,0x62d0a8458ed7719fdaf978fe5929c6d342b0bfce,0x55d398326f99059fF775485246999027B3197955,18,18,BSC,500,400,TRUE,FALSE,FALSE,FALSE,TRUE,TRUE,TRUE,TRUE,TRUE,TRUE,TRUE
36,BEAR,ETH,0x17837004eA685690b32dbEaD02a274Ec4333A26a,0xC02aaA39b223FE8D0A0e5C4F27eAD9083C756Cc2,18,18,Ethereum,40,35,FALSE,FALSE,TRUE,FALSE,TRUE,TRUE,TRUE,FALSE,FALSE,TRUE,TRUE
37,BEL,USDT,0x8443f091997f06a61670b735ed92734f5628692f,0x55d398326f99059fF775485246999027B3197955,18,18,BSC,500,400,TRUE,FALSE,FALSE,FALSE,TRUE,TRUE,TRUE,TRUE,TRUE,TRUE,TRUE
38,BETA,USDT,0xBe1a001FE942f96Eea22bA08783140B9Dcc09D28,0x55d398326f99059fF775485246999027B3197955,18,18,BSC,50,40,FALSE,FALSE,FALSE,TRUE,TRUE,TRUE,TRUE,FALSE,FALSE,TRUE,TRUE
39,BMT,USDT,0x7d814b9ed370ec0a502edc3267393bf62d891b62,0x55d398326f99059fF775485246999027B3197955,18,18,BSC,500,400,TRUE,FALSE,FALSE,FALSE,TRUE,TRUE,TRUE,TRUE,TRUE,TRUE,TRUE
40,BNT,USDT,0xa069008a669e2af00a86673d9d584cfb524a42cc,0x55d398326f99059fF775485246999027B3197955,18,18,BSC,30,30,TRUE,FALSE,FALSE,FALSE,TRUE,TRUE,TRUE,TRUE,TRUE,TRUE,TRUE
41,BONK,USDT,0xa697e272a73744b343528c3bc4702f2565b2f422,0x55d398326f99059fF775485246999027B3197955,5,18,BSC,500,400,TRUE,FALSE,FALSE,FALSE,TRUE,TRUE,TRUE,TRUE,TRUE,TRUE,TRUE
42,BROCCOLI714,USDT,0x6d5ad1592ed9d6d1df9b93c793ab759573ed6714,0x55d398326f99059fF775485246999027B3197955,18,18,BSC,500,400,TRUE,FALSE,FALSE,FALSE,TRUE,TRUE,TRUE,TRUE,TRUE,TRUE,TRUE
43,BRWL,ETH,0x4086E77C5E993FDB90a406285d00111a974F877a,0xC02aaA39b223FE8D0A0e5C4F27eAD9083C756Cc2,4,18,Ethereum,70,70,FALSE,FALSE,TRUE,FALSE,TRUE,TRUE,TRUE,FALSE,FALSE,TRUE,TRUE
44,BTTC,USDT,0x352cb5e19b12fc216548a2677bd0fce83bae434b,0x55d398326f99059fF775485246999027B3197955,18,18,BSC,500,400,TRUE,FALSE,FALSE,FALSE,TRUE,TRUE,TRUE,TRUE,TRUE,TRUE,TRUE
45,BUSY,ETH,0x5CB3ce6D081fB00d5f6677d196f2d70010EA3f4a,0xC02aaA39b223FE8D0A0e5C4F27eAD9083C756Cc2,18,18,Ethereum,60,60,FALSE,FALSE,TRUE,FALSE,TRUE,TRUE,TRUE,FALSE,FALSE,TRUE,TRUE
46,CAKE,USDT,0x0e09fabb73bd3ade0a17ecc321fd13a19e81ce82,0x55d398326f99059fF775485246999027B3197955,18,18,BSC,500,400,TRUE,FALSE,FALSE,FALSE,TRUE,TRUE,TRUE,TRUE,TRUE,TRUE,TRUE
47,CEEK,ETH,0xb056c38f6b7Dc4064367403E26424CD2c60655e1,0xC02aaA39b223FE8D0A0e5C4F27eAD9083C756Cc2,18,18,Ethereum,300,250,FALSE,FALSE,TRUE,FALSE,FALSE,FALSE,FALSE,TRUE,TRUE,TRUE,TRUE
48,CELR,USDT,0x1f9f6a696c6fd109cd3956f45dc709d2b3902163,0x55d398326f99059fF775485246999027B3197955,18,18,BSC,150,150,TRUE,FALSE,FALSE,FALSE,TRUE,TRUE,TRUE,TRUE,TRUE,TRUE,TRUE
49,CFG,ETH,0xcccCCCcCCC33D538DBC2EE4fEab0a7A1FF4e8A94,0xC02aaA39b223FE8D0A0e5C4F27eAD9083C756Cc2,18,18,Ethereum,700,650,FALSE,TRUE,TRUE,FALSE,TRUE,FALSE,TRUE,TRUE,FALSE,TRUE,TRUE
50,CFX,USDT,0x045c4324039da91c52c55df5d785385aab073dcf,0x55d398326f99059fF775485246999027B3197955,18,18,BSC,500,400,TRUE,FALSE,FALSE,FALSE,TRUE,TRUE,TRUE,TRUE,TRUE,TRUE,TRUE
51,CGPT,USDT,0x9840652dc04fb9db2c43853633f0f62be6f00f98,0x55d398326f99059fF775485246999027B3197955,18,18,BSC,500,400,TRUE,FALSE,FALSE,FALSE,TRUE,TRUE,TRUE,TRUE,TRUE,TRUE,TRUE
52,CHESS,USDT,0x20de22029ab63cf9a7cf5feb2b737ca1ee4c82a6,0x55d398326f99059fF775485246999027B3197955,18,18,BSC,500,400,TRUE,FALSE,FALSE,FALSE,TRUE,TRUE,TRUE,TRUE,TRUE,TRUE,TRUE
53,CHR,USDT,0xf9cec8d50f6c8ad3fb6dccec577e05aa32b224fe,0x55d398326f99059fF775485246999027B3197955,6,18,BSC,500,400,TRUE,FALSE,FALSE,FALSE,TRUE,TRUE,TRUE,TRUE,TRUE,TRUE,TRUE
54,CIRUS,ETH,0xA01199c61841Fce3b3daFB83FeFC1899715c8756,0xC02aaA39b223FE8D0A0e5C4F27eAD9083C756Cc2,18,18,Ethereum,60,40,FALSE,FALSE,TRUE,FALSE,FALSE,TRUE,TRUE,FALSE,TRUE,FALSE,TRUE
55,CLEAR,ETH,0x58b9cB810A68a7f3e1E4f8Cb45D1B9B3c79705E8,0xC02aaA39b223FE8D0A0e5C4F27eAD9083C756Cc2,18,18,Ethereum,250,200,FALSE,FALSE,TRUE,FALSE,TRUE,TRUE,TRUE,FALSE,FALSE,TRUE,TRUE
56,COMP,USDT,0x52ce071bd9b1c4b00a0b92d298c512478cad67e8,0x55d398326f99059fF775485246999027B3197955,18,18,BSC,500,400,TRUE,FALSE,FALSE,FALSE,TRUE,TRUE,TRUE,TRUE,TRUE,TRUE,TRUE
57,COOKIE,USDT,0xc0041ef357b183448b235a8ea73ce4e4ec8c265f,0x55d398326f99059fF775485246999027B3197955,18,18,BSC,500,400,TRUE,FALSE,FALSE,FALSE,TRUE,TRUE,TRUE,TRUE,TRUE,TRUE,TRUE
58,COOKPROTOCOL,ETH,0xFF75CEd57419bcaEBe5F05254983b013B0646eF5,0xC02aaA39b223FE8D0A0e5C4F27eAD9083C756Cc2,18,18,Ethereum,100,100,FALSE,FALSE,TRUE,FALSE,TRUE,TRUE,TRUE,FALSE,FALSE,TRUE,TRUE
59,COS,USDT,0x96dd399f9c3afda1f194182f71600f1b65946501,0x55d398326f99059fF775485246999027B3197955,18,18,BSC,500,400,TRUE,FALSE,FALSE,FALSE,TRUE,TRUE,TRUE,TRUE,TRUE,TRUE,TRUE
60,COTI,USDT,0xadbaf88b39d37dc68775ed1541f1bf83a5a45feb,0x55d398326f99059fF775485246999027B3197955,18,18,BSC,500,400,TRUE,FALSE,FALSE,FALSE,TRUE,TRUE,TRUE,TRUE,TRUE,TRUE,TRUE
61,CREAM,ETH,0x2ba592F78dB6436527729929AAf6c908497cB200,0xC02aaA39b223FE8D0A0e5C4F27eAD9083C756Cc2,18,18,Ethereum,300,300,FALSE,FALSE,TRUE,FALSE,TRUE,TRUE,TRUE,FALSE,FALSE,TRUE,TRUE
62,CRF,ETH,0x508df5aa4746bE37b5b6A69684DfD8BDC322219d,0xC02aaA39b223FE8D0A0e5C4F27eAD9083C756Cc2,18,18,Ethereum,70,60,FALSE,FALSE,TRUE,FALSE,TRUE,TRUE,TRUE,FALSE,FALSE,TRUE,TRUE
63,CRVUSD,ETH,0xf939E0A03FB07F59A73314E73794Be0E57ac1b4E,0xC02aaA39b223FE8D0A0e5C4F27eAD9083C756Cc2,18,18,Ethereum,200,150,FALSE,FALSE,TRUE,FALSE,TRUE,TRUE,TRUE,FALSE,FALSE,TRUE,TRUE
64,CTK,USDT,0xa8c2b8eec3d368c0253ad3dae65a5f2bbb89c929,0x55d398326f99059fF775485246999027B3197955,6,18,BSC,500,400,TRUE,FALSE,FALSE,FALSE,TRUE,TRUE,TRUE,TRUE,TRUE,TRUE,TRUE
65,CTSI,USDT,0x8da443f84fea710266c8eb6bc34b71702d033ef2,0x55d398326f99059fF775485246999027B3197955,18,18,BSC,50,50,TRUE,FALSE,FALSE,FALSE,TRUE,TRUE,TRUE,TRUE,TRUE,TRUE,TRUE
66,CYBER,USDT,0x14778860e937f509e651192a90589de711fb88a9,0x55d398326f99059fF775485246999027B3197955,18,18,BSC,500,400,TRUE,FALSE,FALSE,FALSE,TRUE,TRUE,TRUE,TRUE,TRUE,TRUE,TRUE
67,DATA,USDT,0x0864c156b3c5f69824564dec60c629ae6401bf2a,0x55d398326f99059fF775485246999027B3197955,18,18,BSC,200,200,TRUE,FALSE,FALSE,FALSE,TRUE,TRUE,TRUE,TRUE,TRUE,TRUE,TRUE
68,DEXE,USDT,0x6e88056e8376ae7709496ba64d37fa2f8015ce3e,0x55d398326f99059fF775485246999027B3197955,18,18,BSC,200,200,TRUE,FALSE,FALSE,FALSE,TRUE,TRUE,TRUE,TRUE,TRUE,TRUE,TRUE
69,DF,USDT,0x4a9a2b2b04549c3927dd2c9668a5ef3fca473623,0x55d398326f99059fF775485246999027B3197955,18,18,BSC,20,20,TRUE,FALSE,FALSE,FALSE,TRUE,TRUE,TRUE,TRUE,TRUE,TRUE,TRUE
70,DFND,ETH,0xd2adC1C84443Ad06f0017aDCa346Bd9b6fc52CaB,0xC02aaA39b223FE8D0A0e5C4F27eAD9083C756Cc2,18,18,Ethereum,80,70,FALSE,FALSE,TRUE,FALSE,TRUE,TRUE,TRUE,FALSE,FALSE,TRUE,TRUE
71,DHV,ETH,0x62Dc4817588d53a056cBbD18231d91ffCcd34b2A,0xC02aaA39b223FE8D0A0e5C4F27eAD9083C756Cc2,18,18,Ethereum,70,70,FALSE,FALSE,TRUE,FALSE,TRUE,TRUE,TRUE,FALSE,FALSE,TRUE,TRUE
72,DIA,USDT,0x99956d38059cf7beda96ec91aa7bb2477e0901dd,0x55d398326f99059fF775485246999027B3197955,18,18,BSC,500,400,TRUE,FALSE,FALSE,FALSE,TRUE,TRUE,TRUE,TRUE,TRUE,TRUE,TRUE
73,DIGG,ETH,0x798D1bE841a82a273720CE31c822C61a67a601C3,0xC02aaA39b223FE8D0A0e5C4F27eAD9083C756Cc2,9,18,Ethereum,200,150,FALSE,FALSE,TRUE,FALSE,TRUE,TRUE,TRUE,FALSE,FALSE,TRUE,TRUE
74,DIS,ETH,0x220B71671b649c03714dA9c621285943f3cbcDC6,0xC02aaA39b223FE8D0A0e5C4F27eAD9083C756Cc2,18,18,Ethereum,70,70,FALSE,FALSE,TRUE,FALSE,TRUE,TRUE,TRUE,FALSE,FALSE,TRUE,TRUE
75,DODO,USDT,0x67ee3cb086f8a16f34bee3ca72fad36f7db929e2,0x55d398326f99059fF775485246999027B3197955,18,18,BSC,200,200,TRUE,FALSE,FALSE,FALSE,TRUE,TRUE,TRUE,TRUE,TRUE,TRUE,TRUE
76,DOGE,USDT,0xba2ae424d960c26247dd6c32edc70b295c744c43,0x55d398326f99059fF775485246999027B3197955,8,18,BSC,500,400,TRUE,FALSE,FALSE,FALSE,TRUE,TRUE,TRUE,TRUE,TRUE,TRUE,TRUE
77,DOT,USDT,0x7083609fce4d1d8dc0c979aab8c869ea2c873402,0x55d398326f99059fF775485246999027B3197955,18,18,BSC,500,400,TRUE,FALSE,FALSE,FALSE,TRUE,TRUE,TRUE,TRUE,TRUE,TRUE,TRUE
78,DUSK,USDT,0xb2bd0749dbe21f623d9baba856d3b0f0e1bfec9c,0x55d398326f99059fF775485246999027B3197955,18,18,BSC,500,400,TRUE,FALSE,FALSE,FALSE,TRUE,TRUE,TRUE,TRUE,TRUE,TRUE,TRUE
79,EDU,USDT,0xbdeae1ca48894a1759a8374d63925f21f2ee2639,0x55d398326f99059fF775485246999027B3197955,18,18,BSC,150,150,TRUE,FALSE,FALSE,FALSE,TRUE,TRUE,TRUE,TRUE,TRUE,TRUE,TRUE
80,EGLD,USDT,0xbf7c81fff98bbe61b40ed186e4afd6ddd01337fe,0x55d398326f99059fF775485246999027B3197955,18,18,BSC,500,400,TRUE,FALSE,FALSE,FALSE,TRUE,TRUE,TRUE,TRUE,TRUE,TRUE,TRUE
81,ELON,ETH,0x761D38e5ddf6ccf6Cf7c55759d5210750B5D60F3,0xC02aaA39b223FE8D0A0e5C4F27eAD9083C756Cc2,18,18,Ethereum,1000,900,FALSE,TRUE,TRUE,FALSE,TRUE,TRUE,TRUE,FALSE,FALSE,TRUE,TRUE
82,EMPIRE,ETH,0x9A2Af0AbB12bee5369B180976Be01E8c80D0e7B6,0xC02aaA39b223FE8D0A0e5C4F27eAD9083C756Cc2,9,18,Ethereum,50,50,FALSE,FALSE,TRUE,FALSE,TRUE,TRUE,TRUE,FALSE,FALSE,TRUE,TRUE
83,ENJ,ETH,0xF629cBd94d3791C9250152BD8dfBDF380E2a3B9c,0xC02aaA39b223FE8D0A0e5C4F27eAD9083C756Cc2,18,18,Ethereum,500,450,FALSE,FALSE,FALSE,TRUE,TRUE,TRUE,TRUE,FALSE,FALSE,TRUE,TRUE
84,EPIC,ETH,0x94314a14Df63779c99C0764a30e0CD22fA78fC0E,0xC02aaA39b223FE8D0A0e5C4F27eAD9083C756Cc2,18,18,Ethereum,500,450,TRUE,FALSE,TRUE,FALSE,TRUE,TRUE,TRUE,FALSE,FALSE,TRUE,TRUE
85,ETC,USDT,0x3d6545b08693dae087e957cb1180ee38b9e3c25e,0x55d398326f99059fF775485246999027B3197955,18,18,BSC,500,400,TRUE,FALSE,FALSE,FALSE,TRUE,TRUE,TRUE,TRUE,TRUE,TRUE,TRUE
86,ETC,UNI,0x3d6545b08693dae087e957cb1180ee38b9e3c25e,0xbf5140a22578168fd562dccf235e5d43a02ce9b1,18,18,BSC,300,300,TRUE,FALSE,FALSE,FALSE,TRUE,FALSE,TRUE,FALSE,FALSE,TRUE,TRUE
87,ETH,USDT,0x2170ed0880ac9a755fd29b2688956bd959f933f8,0x55d398326f99059fF775485246999027B3197955,18,18,BSC,500,400,TRUE,FALSE,FALSE,FALSE,TRUE,TRUE,TRUE,TRUE,TRUE,TRUE,TRUE
88,EURI,USDT,0x9d1a7a3191102e9f900faa10540837ba84dcbae7,0x55d398326f99059fF775485246999027B3197955,18,18,BSC,20,20,TRUE,FALSE,FALSE,FALSE,TRUE,TRUE,TRUE,FALSE,FALSE,TRUE,TRUE
89,FANC,ETH,0xbB126042235E6bD38B17744cb31a8bF4A206c045,0xC02aaA39b223FE8D0A0e5C4F27eAD9083C756Cc2,18,18,Ethereum,300,250,FALSE,FALSE,FALSE,TRUE,TRUE,TRUE,TRUE,TRUE,FALSE,TRUE,TRUE
90,FARM,BNT,0xa0246c9032bC3A600820415aE600c6388619A14D,0x1F573D6Fb3F13d689FF844B4cE37794d79a7FF1C,18,18,Ethereum,1200,1000,TRUE,FALSE,TRUE,FALSE,TRUE,TRUE,TRUE,TRUE,TRUE,TRUE,TRUE
91,FARM,ETH,0xa0246c9032bC3A600820415aE600c6388619A14D,0xC02aaA39b223FE8D0A0e5C4F27eAD9083C756Cc2,18,18,Ethereum,1200,1000,TRUE,TRUE,TRUE,FALSE,TRUE,TRUE,TRUE,FALSE,FALSE,TRUE,TRUE
92,FERC,ETH,0x2eCBa91da63C29EA80Fbe7b52632CA2d1F8e5Be0,0xC02aaA39b223FE8D0A0e5C4F27eAD9083C756Cc2,18,18,Ethereum,60,50,FALSE,FALSE,TRUE,FALSE,TRUE,TRUE,FALSE,FALSE,FALSE,FALSE,TRUE
93,FET,USDT,0x031b41e504677879370e9dbcf937283a8691fa7f,0x55d398326f99059fF775485246999027B3197955,18,18,BSC,100,100,TRUE,FALSE,FALSE,FALSE,TRUE,TRUE,TRUE,TRUE,TRUE,TRUE,TRUE
94,FIL,USDT,0x0d8ce2a99bb6e3b7db580ed848240e4a0f9ae153,0x55d398326f99059fF775485246999027B3197955,18,18,BSC,500,400,TRUE,FALSE,FALSE,FALSE,TRUE,TRUE,TRUE,TRUE,TRUE,TRUE,TRUE
95,FIL,BAKE,0x0D8Ce2A99Bb6e3B7Db580eD848240e4a0F9aE153,0xE02dF9e3e622DeBdD69fb838bB799E3F168902c5,18,18,BSC,300,250,TRUE,FALSE,FALSE,FALSE,TRUE,FALSE,TRUE,TRUE,TRUE,TRUE,TRUE
96,FIRE,ETH,0xF921ae2DAC5fa128DC0F6168Bf153ea0943d2D43,0xC02aaA39b223FE8D0A0e5C4F27eAD9083C756Cc2,8,18,Ethereum,60,60,FALSE,FALSE,TRUE,FALSE,TRUE,TRUE,TRUE,FALSE,FALSE,TRUE,TRUE
97,FLOKI,USDT,0xfb5b838b6cfeedc2873ab27866079ac55363d37e,0x55d398326f99059fF775485246999027B3197955,9,18,BSC,500,400,TRUE,FALSE,FALSE,FALSE,TRUE,TRUE,TRUE,TRUE,TRUE,TRUE,TRUE
98,FLOW,USDT,0xc943c5320b9c18c153d1e2d12cc3074bebfb31a2,0x55d398326f99059fF775485246999027B3197955,18,18,BSC,500,400,TRUE,FALSE,FALSE,FALSE,TRUE,TRUE,TRUE,TRUE,TRUE,TRUE,TRUE
99,FLUX,USDT,0xaff9084f2374585879e8b434c399e29e80cce635,0x55d398326f99059fF775485246999027B3197955,8,18,BSC,500,400,TRUE,FALSE,FALSE,FALSE,TRUE,TRUE,TRUE,TRUE,TRUE,TRUE,TRUE
100,FORM,USDT,0x5b73a93b4e5e4f1fd27d8b3f8c97d69908b5e284,0x55d398326f99059fF775485246999027B3197955,18,18,BSC,500,400,TRUE,FALSE,FALSE,FALSE,TRUE,TRUE,TRUE,TRUE,TRUE,TRUE,TRUE
101,FORM1,ETH,0xE7deE4823EE18F1347F1Cf7997f70B94eFDe2E1F,0xC02aaA39b223FE8D0A0e5C4F27eAD9083C756Cc2,18,18,Ethereum,200,150,FALSE,FALSE,TRUE,FALSE,TRUE,TRUE,TRUE,FALSE,FALSE,TRUE,TRUE
102,FOURCOIN,ETH,0x244b797d622D4DEe8b188b03546ACAAbD0Cf91A0,0xC02aaA39b223FE8D0A0e5C4F27eAD9083C756Cc2,18,18,Ethereum,100,100,FALSE,FALSE,TRUE,FALSE,TRUE,TRUE,TRUE,FALSE,FALSE,TRUE,TRUE
103,FUN,ETH,0x419D0d8BdD9aF5e606Ae2232ed285Aff190E711b,0xC02aaA39b223FE8D0A0e5C4F27eAD9083C756Cc2,8,18,Ethereum,700,600,TRUE,FALSE,TRUE,FALSE,TRUE,TRUE,TRUE,FALSE,FALSE,TRUE,TRUE
104,FXS,USDT,0xde2f075f6f14eb9d96755b24e416a53e736ca363,0x55d398326f99059fF775485246999027B3197955,18,18,BSC,100,100,TRUE,FALSE,FALSE,FALSE,TRUE,TRUE,TRUE,FALSE,FALSE,TRUE,TRUE
105,G,USDT,0x9c7beba8f6ef6643abd725e45a4e8387ef260649,0x55d398326f99059fF775485246999027B3197955,18,18,BSC,500,400,TRUE,FALSE,FALSE,FALSE,TRUE,TRUE,TRUE,TRUE,TRUE,TRUE,TRUE
106,GAME2,ETH,0x825459139C897D769339f295E962396C4F9E4A4D,0xC02aaA39b223FE8D0A0e5C4F27eAD9083C756Cc2,18,18,Ethereum,300,250,FALSE,FALSE,TRUE,FALSE,TRUE,TRUE,TRUE,FALSE,FALSE,TRUE,TRUE
107,GHST,USDT,0x385Eeac5cB85A38A9a07A70c73e0a3271CfB54A7,0xc2132D05D31c914a87C6611C10748AEb04B58e8F,18,6,Polygon,800,750,TRUE,FALSE,TRUE,FALSE,TRUE,TRUE,TRUE,TRUE,FALSE,TRUE,TRUE
108,GLCH,ETH,0x038a68FF68c393373eC894015816e33Ad41BD564,0xC02aaA39b223FE8D0A0e5C4F27eAD9083C756Cc2,18,18,Ethereum,250,250,FALSE,FALSE,FALSE,TRUE,TRUE,TRUE,TRUE,FALSE,FALSE,TRUE,TRUE
109,GMT,USDT,0x3019bf2a2ef8040c242c9a4c5c4bd4c81678b2a1,0x55d398326f99059fF775485246999027B3197955,8,18,BSC,500,400,TRUE,FALSE,FALSE,FALSE,TRUE,TRUE,TRUE,TRUE,TRUE,TRUE,TRUE
110,GOG,ETH,0x9AB7bb7FdC60f4357ECFef43986818A2A3569c62,0xC02aaA39b223FE8D0A0e5C4F27eAD9083C756Cc2,18,18,Ethereum,200,150,FALSE,FALSE,TRUE,FALSE,TRUE,TRUE,TRUE,FALSE,FALSE,TRUE,TRUE
111,HAEDAL,USDT,0x3d9be0ac1001cd81c32464276d863d2ffdca4967,0x55d398326f99059fF775485246999027B3197955,9,18,BSC,500,400,TRUE,FALSE,FALSE,FALSE,TRUE,TRUE,TRUE,TRUE,TRUE,TRUE,TRUE
112,HEDG,ETH,0xF1290473E210b2108A85237fbCd7b6eb42Cc654F,0xC02aaA39b223FE8D0A0e5C4F27eAD9083C756Cc2,18,18,Ethereum,100,100,FALSE,FALSE,FALSE,TRUE,TRUE,TRUE,TRUE,FALSE,FALSE,TRUE,TRUE
113,HEI,USDT,0xf8f173e20e15f3b6cb686fb64724d370689de083,0x55d398326f99059fF775485246999027B3197955,18,18,BSC,100,100,TRUE,FALSE,FALSE,FALSE,TRUE,TRUE,TRUE,FALSE,FALSE,TRUE,TRUE
114,HEI,ETH,0xF8F173E20e15f3b6CB686FB64724D370689De083,0xC02aaA39b223FE8D0A0e5C4F27eAD9083C756Cc2,18,18,Ethereum,150,120,FALSE,FALSE,TRUE,FALSE,TRUE,TRUE,TRUE,FALSE,FALSE,TRUE,TRUE
115,HFT,USDT,0x44ec807ce2f4a6f2737a92e985f318d035883e47,0x55d398326f99059fF775485246999027B3197955,18,18,BSC,100,100,TRUE,FALSE,FALSE,FALSE,TRUE,TRUE,TRUE,TRUE,FALSE,TRUE,TRUE
116,HIFI,ETH,0x4b9278b94a1112cAD404048903b8d343a810B07e,0xC02aaA39b223FE8D0A0e5C4F27eAD9083C756Cc2,18,18,Ethereum,1000,800,TRUE,FALSE,FALSE,FALSE,TRUE,TRUE,TRUE,FALSE,FALSE,TRUE,TRUE
117,HIGH,USDT,0x5f4bde007dc06b867f86ebfe4802e34a1ffeed63,0x55d398326f99059fF775485246999027B3197955,18,18,BSC,500,400,TRUE,FALSE,FALSE,FALSE,TRUE,TRUE,TRUE,TRUE,TRUE,TRUE,TRUE
118,HMT,ETH,0xd1ba9BAC957322D6e8c07a160a3A8dA11A0d2867,0xC02aaA39b223FE8D0A0e5C4F27eAD9083C756Cc2,18,18,Ethereum,200,150,FALSE,FALSE,TRUE,FALSE,TRUE,TRUE,TRUE,FALSE,FALSE,TRUE,TRUE
119,HOME,USDT,0x4bfaa776991e85e5f8b1255461cbbd216cfc714f,0x55d398326f99059fF775485246999027B3197955,18,18,BSC,500,400,TRUE,FALSE,FALSE,FALSE,TRUE,TRUE,TRUE,TRUE,TRUE,TRUE,TRUE
120,HOOK,USDT,0xa260e12d2b924cb899ae80bb58123ac3fee1e2f0,0x55d398326f99059fF775485246999027B3197955,18,18,BSC,500,400,TRUE,FALSE,FALSE,FALSE,TRUE,TRUE,TRUE,TRUE,TRUE,TRUE,TRUE
121,HSK,ETH,0xE7C6BF469e97eEB0bFB74C8dbFF5BD47D4C1C98a,0xC02aaA39b223FE8D0A0e5C4F27eAD9083C756Cc2,18,18,Ethereum,150,100,FALSE,FALSE,TRUE,FALSE,TRUE,TRUE,TRUE,FALSE,FALSE,TRUE,TRUE
122,HUMA,USDT,0x92516e0ddf1ddbf7fab1b79cac26689fdc5ba8e6,0x55d398326f99059fF775485246999027B3197955,6,18,BSC,500,400,TRUE,FALSE,FALSE,FALSE,TRUE,TRUE,TRUE,TRUE,TRUE,TRUE,TRUE
123,HYPER,USDT,0xc9d23ed2adb0f551369946bd377f8644ce1ca5c4,0x55d398326f99059fF775485246999027B3197955,18,18,BSC,500,400,TRUE,FALSE,FALSE,FALSE,TRUE,TRUE,TRUE,TRUE,TRUE,TRUE,TRUE
124,HYPER,ETH,0x93A2Db22B7c736B341C32Ff666307F4a9ED910F5,0xC02aaA39b223FE8D0A0e5C4F27eAD9083C756Cc2,18,18,Ethereum,50,40,FALSE,FALSE,TRUE,FALSE,TRUE,TRUE,TRUE,FALSE,FALSE,TRUE,TRUE
125,ID,USDT,0x2dff88a56767223a5529ea5960da7a3f5f766406,0x55d398326f99059fF775485246999027B3197955,18,18,BSC,500,400,TRUE,FALSE,FALSE,FALSE,TRUE,TRUE,TRUE,TRUE,TRUE,TRUE,TRUE
126,IDEX,USDT,0x0856978f7ffff0a2471b4520e3521c4b3343e36f,0x55d398326f99059fF775485246999027B3197955,18,18,BSC,100,100,TRUE,FALSE,FALSE,FALSE,TRUE,TRUE,TRUE,FALSE,FALSE,TRUE,TRUE
127,ILV,USDT,0x4d5ac5cc4f8abdf2ec2cb986c00c382369f787d4,0x55d398326f99059fF775485246999027B3197955,18,18,BSC,100,100,TRUE,FALSE,FALSE,FALSE,TRUE,TRUE,FALSE,FALSE,FALSE,TRUE,TRUE
128,INJ,USDT,0xa2b726b1145a4773f68593cf171187d8ebe4d495,0x55d398326f99059fF775485246999027B3197955,18,18,BSC,500,400,TRUE,FALSE,FALSE,FALSE,TRUE,TRUE,TRUE,TRUE,TRUE,TRUE,TRUE
129,IOEN,ETH,0x1e4E46b7BF03ECE908c88FF7cC4975560010893A,0xC02aaA39b223FE8D0A0e5C4F27eAD9083C756Cc2,18,18,Ethereum,80,70,FALSE,FALSE,TRUE,FALSE,TRUE,TRUE,TRUE,FALSE,FALSE,TRUE,TRUE
130,ISLM,ETH,0xF10c41cA085FC8d9326a65408D14Dae28A3E69a5,0xC02aaA39b223FE8D0A0e5C4F27eAD9083C756Cc2,18,18,Ethereum,500,450,FALSE,FALSE,TRUE,TRUE,TRUE,TRUE,TRUE,FALSE,FALSE,TRUE,TRUE
131,JASMY,USDT,0x15669cf161946c09a8b207650bfbb00e3d8a2e3e,0x55d398326f99059fF775485246999027B3197955,18,18,BSC,500,400,TRUE,FALSE,FALSE,FALSE,TRUE,TRUE,TRUE,TRUE,TRUE,TRUE,TRUE
132,KERNEL,USDT,0x9ecaf80c1303cca8791afbc0ad405c8a35e8d9f1,0x55d398326f99059fF775485246999027B3197955,18,18,BSC,50,50,TRUE,FALSE,FALSE,FALSE,TRUE,TRUE,TRUE,TRUE,FALSE,TRUE,TRUE
133,KEY,ETH,0x4CC19356f2D37338b9802aa8E8fc58B0373296E7,0xC02aaA39b223FE8D0A0e5C4F27eAD9083C756Cc2,18,18,Ethereum,100,100,FALSE,FALSE,TRUE,FALSE,TRUE,TRUE,TRUE,FALSE,FALSE,TRUE,TRUE
134,KNC,USDT,0xfe56d5892bdffc7bf58f2e84be1b2c32d21c308b,0x55d398326f99059fF775485246999027B3197955,18,18,BSC,100,100,TRUE,FALSE,FALSE,FALSE,TRUE,TRUE,TRUE,TRUE,FALSE,TRUE,TRUE
135,KNC,ETH,0xdeFA4e8a7bcBA345F687a2f1456F5Edd9CE97202,0xC02aaA39b223FE8D0A0e5C4F27eAD9083C756Cc2,18,18,Ethereum,500,300,TRUE,FALSE,TRUE,FALSE,TRUE,TRUE,TRUE,FALSE,FALSE,TRUE,TRUE
136,KTN,ETH,0x491E136FF7FF03E6aB097E54734697Bb5802FC1C,0xC02aaA39b223FE8D0A0e5C4F27eAD9083C756Cc2,18,18,Ethereum,250,250,FALSE,FALSE,TRUE,FALSE,TRUE,TRUE,TRUE,FALSE,TRUE,TRUE,TRUE
137,LA,USDT,0x389ad4bb96d0d6ee5b6ef0efaf4b7db0ba2e02a0,0x55d398326f99059fF775485246999027B3197955,18,18,BSC,150,100,TRUE,FALSE,FALSE,FALSE,TRUE,FALSE,TRUE,FALSE,FALSE,TRUE,TRUE
138,LA,ETH,0x0fc2a55d5BD13033f1ee0cdd11f60F7eFe66f467,0xC02aaA39b223FE8D0A0e5C4F27eAD9083C756Cc2,18,18,Ethereum,150,100,FALSE,TRUE,TRUE,FALSE,TRUE,TRUE,TRUE,FALSE,TRUE,TRUE,TRUE
139,LBLOCK,ETH,0x2b867efD2dE4Ad2B583Ca0CB3dF9C4040Ef4D329,0xC02aaA39b223FE8D0A0e5C4F27eAD9083C756Cc2,9,18,Ethereum,100,100,FALSE,FALSE,TRUE,FALSE,TRUE,TRUE,TRUE,FALSE,FALSE,TRUE,TRUE
140,LEVER,ETH,0x4B5f49487ea7B3609b1aD05459BE420548789f1f,0xC02aaA39b223FE8D0A0e5C4F27eAD9083C756Cc2,18,18,Ethereum,90,70,FALSE,TRUE,TRUE,TRUE,FALSE,TRUE,TRUE,FALSE,TRUE,FALSE,TRUE
141,LINK,USDT,0xf8a0bf9cf54bb92f17374d9e9a321e6a111a51bd,0x55d398326f99059fF775485246999027B3197955,18,18,BSC,500,400,TRUE,FALSE,FALSE,FALSE,TRUE,TRUE,TRUE,TRUE,TRUE,TRUE,TRUE
142,LINK,BNT,0x514910771AF9Ca656af840dff83E8264EcF986CA,0x1F573D6Fb3F13d689FF844B4cE37794d79a7FF1C,18,18,Ethereum,1000,1000,TRUE,FALSE,TRUE,FALSE,TRUE,TRUE,TRUE,TRUE,TRUE,TRUE,TRUE
143,LISTA,USDT,0xfceb31a79f71ac9cbdcf853519c1b12d379edc46,0x55d398326f99059fF775485246999027B3197955,18,18,BSC,500,400,TRUE,FALSE,FALSE,FALSE,TRUE,TRUE,TRUE,TRUE,TRUE,TRUE,TRUE
144,LOOM,ETH,0x42476F744292107e34519F9c357927074Ea3F75D,0xC02aaA39b223FE8D0A0e5C4F27eAD9083C756Cc2,18,18,Ethereum,40,35,FALSE,FALSE,TRUE,FALSE,TRUE,TRUE,TRUE,FALSE,FALSE,TRUE,TRUE
145,LOOT,ETH,0x721A1B990699eE9D90b6327FaaD0A3E840aE8335,0xC02aaA39b223FE8D0A0e5C4F27eAD9083C756Cc2,18,18,Ethereum,100,100,FALSE,FALSE,TRUE,FALSE,TRUE,TRUE,TRUE,FALSE,FALSE,TRUE,TRUE
146,LOWB,ETH,0x69e5C11a7C30f0bf84A9faECBd5161AA7a94decA,0xC02aaA39b223FE8D0A0e5C4F27eAD9083C756Cc2,18,18,Ethereum,50,50,FALSE,FALSE,TRUE,FALSE,TRUE,TRUE,TRUE,FALSE,FALSE,TRUE,TRUE
147,LTC,USDT,0x4338665cbb7b2485a8855a139b75d5e34ab0db94,0x55d398326f99059fF775485246999027B3197955,18,18,BSC,500,400,TRUE,FALSE,FALSE,FALSE,TRUE,TRUE,TRUE,TRUE,TRUE,TRUE,TRUE
148,LTC,XVS,0x4338665cbb7b2485a8855a139b75d5e34ab0db94,0xcf6bb5389c92bdda8a3747ddb454cb7a64626c63,18,18,BSC,1000,1000,TRUE,FALSE,FALSE,FALSE,TRUE,FALSE,TRUE,FALSE,FALSE,TRUE,TRUE
149,LVVA,ETH,0x6243558a24CC6116aBE751f27E6d7Ede50ABFC76,0xC02aaA39b223FE8D0A0e5C4F27eAD9083C756Cc2,18,18,Ethereum,50,50,FALSE,FALSE,TRUE,FALSE,TRUE,TRUE,TRUE,FALSE,FALSE,TRUE,TRUE
150,MANA,USDT,0x26433c8127d9b4e9b71eaa15111df99ea2eeb2f8,0x55d398326f99059fF775485246999027B3197955,18,18,BSC,500,400,TRUE,FALSE,FALSE,FALSE,TRUE,TRUE,TRUE,TRUE,TRUE,TRUE,TRUE
151,MAV,USDT,0xd691d9a68c887bdf34da8c36f63487333acfd103,0x55d398326f99059fF775485246999027B3197955,18,18,BSC,30,30,TRUE,FALSE,FALSE,FALSE,TRUE,TRUE,TRUE,TRUE,TRUE,TRUE,TRUE
152,MAV,USDC,0x64b88c73A5DfA78D1713fE1b4c69a22d7E0faAa7,0x833589fCD6eDb6E08f4c7C32D4f71b54bdA02913,18,6,Base,300,250,TRUE,TRUE,TRUE,FALSE,TRUE,TRUE,TRUE,TRUE,TRUE,TRUE,TRUE
153,MAV,ETH,0x7448c7456a97769F6cD04F1E83A4a23cCdC46aBD,0xC02aaA39b223FE8D0A0e5C4F27eAD9083C756Cc2,18,18,Ethereum,100,70,TRUE,TRUE,TRUE,FALSE,FALSE,FALSE,TRUE,TRUE,TRUE,TRUE,TRUE
154,MBLK,ETH,0xF47245e9A3Ba3dCa8B004E34afc1290B1d435a52,0xC02aaA39b223FE8D0A0e5C4F27eAD9083C756Cc2,18,18,Ethereum,100,100,FALSE,FALSE,TRUE,FALSE,TRUE,TRUE,TRUE,FALSE,FALSE,TRUE,TRUE
155,MDT,BNT,0x814e0908b12A99FeCf5BC101bB5d0b8B5cDf7d26,0x1F573D6Fb3F13d689FF844B4cE37794d79a7FF1C,18,18,Ethereum,900,900,TRUE,FALSE,TRUE,FALSE,TRUE,TRUE,TRUE,TRUE,TRUE,TRUE,TRUE
156,MDT,ETH,0x814e0908b12A99FeCf5BC101bB5d0b8B5cDf7d26,0xC02aaA39b223FE8D0A0e5C4F27eAD9083C756Cc2,18,18,Ethereum,800,800,TRUE,FALSE,FALSE,FALSE,TRUE,TRUE,TRUE,FALSE,FALSE,TRUE,TRUE
157,MKR,USDT,0x5f0da599bb2cccfcf6fdfd7d81743b6020864350,0x55d398326f99059fF775485246999027B3197955,18,18,BSC,50,40,TRUE,FALSE,FALSE,FALSE,TRUE,TRUE,TRUE,TRUE,TRUE,TRUE,TRUE
158,MUBARAK,USDT,0x5c85d6c6825ab4032337f11ee92a72df936b46f6,0x55d398326f99059fF775485246999027B3197955,18,18,BSC,500,400,TRUE,FALSE,FALSE,FALSE,TRUE,TRUE,TRUE,TRUE,TRUE,TRUE,TRUE
159,MULTI,USDT,0x9Fb9a33956351cf4fa040f65A13b835A3C8764E3,0x55d398326f99059fF775485246999027B3197955,18,18,BSC,100,80,FALSE,FALSE,FALSE,TRUE,TRUE,TRUE,TRUE,TRUE,FALSE,TRUE,TRUE
160,NEAR,USDT,0x1fa4a73a3f0133f0025378af00236f3abdee5d63,0x55d398326f99059fF775485246999027B3197955,18,18,BSC,500,400,TRUE,FALSE,FALSE,FALSE,TRUE,TRUE,TRUE,TRUE,TRUE,TRUE,TRUE
161,NEWT,USDT,0xb8a677e6d805c8d743e6f14c8bc9c19305b5defc,0x55d398326f99059fF775485246999027B3197955,18,18,BSC,500,400,TRUE,FALSE,FALSE,FALSE,TRUE,TRUE,TRUE,TRUE,TRUE,TRUE,TRUE
162,NFP,USDT,0x551897f8203bd131b350601d3ac0679ba0fc0136,0x55d398326f99059fF775485246999027B3197955,18,18,BSC,100,100,TRUE,FALSE,FALSE,FALSE,TRUE,TRUE,TRUE,FALSE,FALSE,TRUE,TRUE
163,NGL,ETH,0x2653891204F463fb2a2F4f412564b19e955166aE,0xC02aaA39b223FE8D0A0e5C4F27eAD9083C756Cc2,18,18,Ethereum,60,40,FALSE,FALSE,TRUE,FALSE,TRUE,TRUE,TRUE,FALSE,TRUE,FALSE,TRUE
164,NXPC,USDT,0xf2b51cc1850fed939658317a22d73d3482767591,0x55d398326f99059fF775485246999027B3197955,18,18,BSC,100,100,TRUE,FALSE,FALSE,FALSE,TRUE,TRUE,TRUE,TRUE,FALSE,TRUE,TRUE
165,OCTO,ETH,0x7240aC91f01233BaAf8b064248E80feaA5912BA3,0xC02aaA39b223FE8D0A0e5C4F27eAD9083C756Cc2,18,18,Ethereum,200,150,FALSE,FALSE,FALSE,TRUE,TRUE,TRUE,TRUE,FALSE,FALSE,TRUE,TRUE
166,OM,USDT,0xf78d2e7936f5fe18308a3b2951a93b6c4a41f5e2,0x55d398326f99059fF775485246999027B3197955,18,18,BSC,150,100,TRUE,FALSE,FALSE,FALSE,TRUE,TRUE,TRUE,FALSE,FALSE,FALSE,TRUE
167,ONC,ETH,0xD90E69f67203EBE02c917B5128629E77B4cd92dc,0xC02aaA39b223FE8D0A0e5C4F27eAD9083C756Cc2,18,18,Ethereum,70,70,FALSE,FALSE,TRUE,FALSE,TRUE,TRUE,TRUE,FALSE,FALSE,TRUE,TRUE
168,ONX,ETH,0xE0aD1806Fd3E7edF6FF52Fdb822432e847411033,0xC02aaA39b223FE8D0A0e5C4F27eAD9083C756Cc2,18,18,Ethereum,80,70,FALSE,FALSE,TRUE,FALSE,TRUE,TRUE,TRUE,FALSE,FALSE,TRUE,TRUE
169,ORC,ETH,0x662b67d00A13FAf93254714DD601F5Ed49Ef2F51,0xC02aaA39b223FE8D0A0e5C4F27eAD9083C756Cc2,18,18,Ethereum,300,250,FALSE,FALSE,FALSE,TRUE,TRUE,TRUE,TRUE,FALSE,TRUE,TRUE,TRUE
170,OXY,ETH,0x965697b4ef02F0DE01384D0d4F9F782B1670c163,0xC02aaA39b223FE8D0A0e5C4F27eAD9083C756Cc2,6,18,Ethereum,100,80,FALSE,FALSE,TRUE,FALSE,TRUE,TRUE,TRUE,FALSE,FALSE,TRUE,TRUE
171,P00LS,ETH,0x881Ba05de1E78f549cC63a8f6Cabb1d4AD32250D,0xC02aaA39b223FE8D0A0e5C4F27eAD9083C756Cc2,18,18,Ethereum,1000,1000,FALSE,FALSE,TRUE,FALSE,TRUE,TRUE,TRUE,FALSE,FALSE,TRUE,TRUE
172,PARTI,USDT,0x59264f02d301281f3393e1385c0aefd446eb0f00,0x55d398326f99059fF775485246999027B3197955,18,18,BSC,500,400,TRUE,FALSE,FALSE,FALSE,FALSE,FALSE,TRUE,FALSE,FALSE,TRUE,TRUE
173,PBX,ETH,0xD528cf2E081f72908e086F8800977df826B5a483,0xC02aaA39b223FE8D0A0e5C4F27eAD9083C756Cc2,18,18,Ethereum,200,150,FALSE,FALSE,TRUE,FALSE,TRUE,TRUE,TRUE,FALSE,FALSE,TRUE,TRUE
174,PCNT,ETH,0x657B83A0336561C8f64389a6f5aDE675C04b0C3b,0xC02aaA39b223FE8D0A0e5C4F27eAD9083C756Cc2,18,18,Ethereum,100,100,FALSE,FALSE,TRUE,FALSE,TRUE,TRUE,TRUE,FALSE,FALSE,TRUE,TRUE
175,PENDLE,USDT,0xb3ed0a426155b79b898849803e3b36552f7ed507,0x55d398326f99059fF775485246999027B3197955,18,18,BSC,500,400,TRUE,FALSE,FALSE,FALSE,TRUE,TRUE,TRUE,TRUE,TRUE,TRUE,TRUE
176,PEOPLE,USDT,0x2c44b726adf1963ca47af88b284c06f30380fc78,0x55d398326f99059fF775485246999027B3197955,18,18,BSC,200,200,TRUE,FALSE,FALSE,FALSE,TRUE,TRUE,TRUE,TRUE,FALSE,TRUE,TRUE
177,PHB,USDT,0x0409633a72d846fc5bbe2f98d88564d35987904d,0x55d398326f99059fF775485246999027B3197955,18,18,BSC,100,100,TRUE,FALSE,FALSE,FALSE,TRUE,TRUE,TRUE,TRUE,TRUE,TRUE,TRUE
178,PIXEL,ETH,0x3429d03c6F7521AeC737a0BBF2E5ddcef2C3Ae31,0xC02aaA39b223FE8D0A0e5C4F27eAD9083C756Cc2,18,18,Ethereum,40,40,FALSE,FALSE,TRUE,FALSE,TRUE,TRUE,TRUE,FALSE,FALSE,TRUE,TRUE
179,PNT,ETH,0x89Ab32156e46F46D02ade3FEcbe5Fc4243B9AAeD,0xC02aaA39b223FE8D0A0e5C4F27eAD9083C756Cc2,18,18,Ethereum,80,70,FALSE,FALSE,TRUE,FALSE,TRUE,TRUE,TRUE,FALSE,FALSE,TRUE,TRUE
180,POLY,ETH,0x9992eC3cF6A55b00978cdDF2b27BC6882d88D1eC,0xC02aaA39b223FE8D0A0e5C4F27eAD9083C756Cc2,18,18,Ethereum,300,250,FALSE,FALSE,FALSE,TRUE,TRUE,TRUE,TRUE,FALSE,FALSE,TRUE,TRUE
181,PROM,USDT,0xaf53d56ff99f1322515e54fdde93ff8b3b7dafd5,0x55d398326f99059fF775485246999027B3197955,18,18,BSC,500,400,TRUE,FALSE,FALSE,FALSE,TRUE,TRUE,TRUE,TRUE,TRUE,TRUE,TRUE
182,PSTAKE,ETH,0xfB5c6815cA3AC72Ce9F5006869AE67f18bF77006,0xC02aaA39b223FE8D0A0e5C4F27eAD9083C756Cc2,18,18,Ethereum,100,100,FALSE,FALSE,TRUE,FALSE,TRUE,TRUE,TRUE,FALSE,FALSE,TRUE,TRUE
183,QI,USDT,0x8729438eb15e2c8b576fcc6aecda6a148776c0f5,0x55d398326f99059fF775485246999027B3197955,18,18,BSC,500,400,TRUE,FALSE,FALSE,FALSE,TRUE,TRUE,TRUE,TRUE,TRUE,TRUE,TRUE
184,RDNT,USDT,0xf7de7e8a6bd59ed41a4b5fe50278b3b7f31384df,0x55d398326f99059fF775485246999027B3197955,18,18,BSC,500,400,TRUE,FALSE,FALSE,FALSE,TRUE,TRUE,TRUE,TRUE,TRUE,TRUE,TRUE
185,REACT,ETH,0x817162975186d4D53dBF5a7377dd45376e2D2fc5,0xC02aaA39b223FE8D0A0e5C4F27eAD9083C756Cc2,18,18,Ethereum,400,400,FALSE,FALSE,TRUE,FALSE,TRUE,TRUE,TRUE,FALSE,FALSE,TRUE,TRUE
186,REN,ETH,0x408e41876cCCDC0F92210600ef50372656052a38,0xC02aaA39b223FE8D0A0e5C4F27eAD9083C756Cc2,18,18,Ethereum,250,200,FALSE,TRUE,TRUE,TRUE,FALSE,FALSE,TRUE,TRUE,TRUE,TRUE,TRUE
187,REP,ETH,0x221657776846890989a759BA2973e427DfF5C9bB,0xC02aaA39b223FE8D0A0e5C4F27eAD9083C756Cc2,18,18,Ethereum,350,300,FALSE,FALSE,TRUE,TRUE,TRUE,TRUE,TRUE,TRUE,FALSE,TRUE,TRUE
188,RESOLV,USDT,0xda6cef7f667d992a60eb823ab215493aa0c6b360,0x55d398326f99059fF775485246999027B3197955,18,18,BSC,500,400,TRUE,FALSE,FALSE,FALSE,TRUE,TRUE,TRUE,TRUE,TRUE,TRUE,TRUE
189,RPK,ETH,0x313CAe7aD4454AAc7B208C1F089dA2b0e5825e46,0xC02aaA39b223FE8D0A0e5C4F27eAD9083C756Cc2,18,18,Ethereum,100,100,FALSE,FALSE,TRUE,FALSE,TRUE,TRUE,TRUE,FALSE,FALSE,TRUE,TRUE
190,SAFFRONFI,ETH,0xb753428af26E81097e7fD17f40c88aaA3E04902c,0xC02aaA39b223FE8D0A0e5C4F27eAD9083C756Cc2,18,18,Ethereum,400,300,FALSE,FALSE,TRUE,FALSE,TRUE,TRUE,TRUE,FALSE,FALSE,TRUE,TRUE
191,SAHARA,USDT,0xfdffb411c4a70aa7c95d5c981a6fb4da867e1111,0x55d398326f99059fF775485246999027B3197955,18,18,BSC,300,300,TRUE,FALSE,FALSE,FALSE,TRUE,TRUE,TRUE,TRUE,TRUE,TRUE,TRUE
192,SAKE,ETH,0x066798d9ef0833ccc719076Dab77199eCbd178b0,0xC02aaA39b223FE8D0A0e5C4F27eAD9083C756Cc2,18,18,Ethereum,150,150,FALSE,FALSE,TRUE,FALSE,TRUE,TRUE,TRUE,FALSE,FALSE,TRUE,TRUE
193,SAND,USDT,0x67b725d7e342d7b611fa85e859df9697d9378b2e,0x55d398326f99059fF775485246999027B3197955,18,18,BSC,150,150,TRUE,FALSE,FALSE,FALSE,TRUE,TRUE,TRUE,TRUE,TRUE,TRUE,TRUE
194,SAND,EDU,0x67b725d7e342d7b611fa85e859df9697d9378b2e,0xbdeae1ca48894a1759a8374d63925f21f2ee2639,18,18,BSC,300,300,TRUE,FALSE,FALSE,FALSE,TRUE,FALSE,TRUE,TRUE,FALSE,TRUE,TRUE
195,SCRT,USDT,0x02dd18e4981da3fc7363fe56f3b81d1860b44ea7,0x55d398326f99059fF775485246999027B3197955,18,18,BSC,20,20,TRUE,FALSE,FALSE,FALSE,TRUE,TRUE,TRUE,TRUE,TRUE,TRUE,TRUE
196,SFI,ETH,0xb753428af26E81097e7fD17f40c88aaA3E04902c,0xC02aaA39b223FE8D0A0e5C4F27eAD9083C756Cc2,18,18,Ethereum,500,450,FALSE,FALSE,FALSE,TRUE,TRUE,TRUE,TRUE,FALSE,FALSE,TRUE,TRUE
197,SFP,USDT,0xd41fdb03ba84762dd66a0af1a6c8540ff1ba5dfb,0x55d398326f99059fF775485246999027B3197955,18,18,BSC,500,400,TRUE,FALSE,FALSE,FALSE,FALSE,FALSE,TRUE,TRUE,TRUE,FALSE,TRUE
198,SGR,ETH,0x478156DeAbfAc918369044D52A6BdB5Cc5597994,0xC02aaA39b223FE8D0A0e5C4F27eAD9083C756Cc2,8,18,Ethereum,150,120,FALSE,FALSE,TRUE,FALSE,TRUE,TRUE,TRUE,FALSE,FALSE,TRUE,TRUE
199,SGT,ETH,0x5b649C07E7Ba0a1C529DEAabEd0b47699919B4a2,0xC02aaA39b223FE8D0A0e5C4F27eAD9083C756Cc2,8,18,Ethereum,300,250,FALSE,TRUE,FALSE,TRUE,TRUE,TRUE,TRUE,FALSE,FALSE,TRUE,TRUE
200,SHARE,ETH,0x39795344CBCc76cC3Fb94B9D1b15C23c2070C66D,0xC02aaA39b223FE8D0A0e5C4F27eAD9083C756Cc2,9,18,Ethereum,100,100,FALSE,FALSE,TRUE,FALSE,TRUE,TRUE,TRUE,FALSE,FALSE,TRUE,TRUE
201,SHELL,USDT,0xf2c88757f8d03634671208935974b60a2a28bdb3,0x55d398326f99059fF775485246999027B3197955,18,18,BSC,200,200,TRUE,FALSE,FALSE,FALSE,TRUE,TRUE,TRUE,TRUE,TRUE,TRUE,TRUE
202,SHIB,USDT,0x2859e4544c4bb03966803b044a93563bd2d0dd4d,0x55d398326f99059fF775485246999027B3197955,18,18,BSC,500,400,TRUE,FALSE,FALSE,FALSE,TRUE,TRUE,TRUE,TRUE,TRUE,TRUE,TRUE
203,SIGN,USDT,0x868fced65edbf0056c4163515dd840e9f287a4c3,0x55d398326f99059fF775485246999027B3197955,18,18,BSC,500,400,TRUE,FALSE,FALSE,FALSE,TRUE,TRUE,TRUE,TRUE,TRUE,TRUE,TRUE
204,SKT,ETH,0x012E0e6342308b247F36Ee500ECb14dc77a7a8C1,0xC02aaA39b223FE8D0A0e5C4F27eAD9083C756Cc2,8,18,Ethereum,100,100,FALSE,FALSE,TRUE,FALSE,TRUE,TRUE,TRUE,FALSE,FALSE,TRUE,TRUE
205,SKYA,ETH,0x623cD3a3EdF080057892aaF8D773Bbb7A5C9b6e9,0xC02aaA39b223FE8D0A0e5C4F27eAD9083C756Cc2,18,18,Ethereum,300,300,FALSE,FALSE,FALSE,TRUE,TRUE,TRUE,TRUE,FALSE,FALSE,TRUE,TRUE
206,SLP,USDT,0x070a08beef8d36734dd67a491202ff35a6a16d97,0x55d398326f99059fF775485246999027B3197955,18,18,BSC,50,40,TRUE,FALSE,FALSE,FALSE,TRUE,TRUE,TRUE,TRUE,TRUE,TRUE,TRUE
207,SNX,USDT,0x9ac983826058b8a9c7aa1c9171441191232e8404,0x55d398326f99059fF775485246999027B3197955,18,18,BSC,50,40,TRUE,FALSE,FALSE,FALSE,TRUE,TRUE,TRUE,TRUE,TRUE,TRUE,TRUE
208,SOL,USDT,0x570a5d26f7765ecb712c0924e4de545b89fd43df,0x55d398326f99059fF775485246999027B3197955,18,18,BSC,500,400,TRUE,FALSE,FALSE,FALSE,TRUE,TRUE,TRUE,TRUE,TRUE,TRUE,TRUE
209,SOLV,USDT,0xabe8e5cabe24cb36df9540088fd7ce1175b9bc52,0x55d398326f99059fF775485246999027B3197955,18,18,BSC,500,400,TRUE,FALSE,FALSE,FALSE,TRUE,TRUE,TRUE,TRUE,TRUE,TRUE,TRUE
210,SOPH,USDT,0x31dba3c96481fde3cd81c2aaf51f2d8bf618c742,0x55d398326f99059fF775485246999027B3197955,18,18,BSC,500,400,TRUE,FALSE,FALSE,FALSE,TRUE,TRUE,TRUE,TRUE,TRUE,TRUE,TRUE
211,SOVRN,ETH,0x031B8d752d73d7Fe9678ACEf26e818280D0646b4,0xC02aaA39b223FE8D0A0e5C4F27eAD9083C756Cc2,18,18,Ethereum,100,100,FALSE,FALSE,TRUE,FALSE,TRUE,TRUE,TRUE,FALSE,FALSE,TRUE,TRUE
212,SPK,USDT,0xaff2e841851700d1fc101995ee6b81ae21bb87d7,0x55d398326f99059fF775485246999027B3197955,18,18,BSC,500,400,TRUE,FALSE,FALSE,FALSE,TRUE,TRUE,TRUE,TRUE,TRUE,TRUE,TRUE
213,SPX,ETH,0xE0f63A424a4439cBE457D80E4f4b51aD25b2c56C,0xC02aaA39b223FE8D0A0e5C4F27eAD9083C756Cc2,8,18,Ethereum,300,250,FALSE,TRUE,TRUE,FALSE,FALSE,FALSE,TRUE,TRUE,TRUE,TRUE,TRUE
214,STBU,ETH,0xa6422E3E219ee6d4C1B18895275FE43556fd50eD,0xC02aaA39b223FE8D0A0e5C4F27eAD9083C756Cc2,18,18,Ethereum,150,120,FALSE,FALSE,TRUE,FALSE,TRUE,TRUE,TRUE,FALSE,FALSE,TRUE,TRUE
215,STG,USDT,0xb0d502e938ed5f4df2e681fe6e419ff29631d62b,0x55d398326f99059fF775485246999027B3197955,18,18,BSC,100,100,TRUE,FALSE,FALSE,FALSE,TRUE,TRUE,TRUE,TRUE,TRUE,TRUE,TRUE
216,STMX,ETH,0xa62cc35625B0C8dc1fAEA39d33625Bb4C15bD71C,0xC02aaA39b223FE8D0A0e5C4F27eAD9083C756Cc2,18,18,Ethereum,50,50,FALSE,FALSE,TRUE,FALSE,TRUE,TRUE,TRUE,FALSE,FALSE,TRUE,TRUE
217,STO,USDT,0xdaf1695c41327b61b9b9965ac6a5843a3198cf07,0x55d398326f99059fF775485246999027B3197955,18,18,BSC,500,400,TRUE,FALSE,FALSE,FALSE,TRUE,TRUE,TRUE,TRUE,TRUE,TRUE,TRUE
218,STOS,ETH,0x08c32b0726C5684024ea6e141C50aDe9690bBdcc,0xC02aaA39b223FE8D0A0e5C4F27eAD9083C756Cc2,18,18,Ethereum,300,250,FALSE,FALSE,TRUE,FALSE,TRUE,FALSE,TRUE,TRUE,TRUE,TRUE,TRUE
219,SUIRWAPIN,ETH,0xd444b0d1dCeEdd7b0993Ed04351A491D47048Fc4,0xC02aaA39b223FE8D0A0e5C4F27eAD9083C756Cc2,18,18,Ethereum,100,100,FALSE,FALSE,TRUE,FALSE,TRUE,TRUE,TRUE,FALSE,FALSE,TRUE,TRUE
220,SUSHI,USDT,0x947950bcc74888a40ffa2593c5798f11fc9124c4,0x55d398326f99059fF775485246999027B3197955,18,18,BSC,500,400,TRUE,FALSE,FALSE,FALSE,TRUE,TRUE,TRUE,TRUE,TRUE,TRUE,TRUE
221,SYN,USDT,0xa4080f1778e69467e905b8d6f72f6e441f9e9484,0x55d398326f99059fF775485246999027B3197955,18,18,BSC,50,50,TRUE,FALSE,FALSE,FALSE,FALSE,TRUE,FALSE,TRUE,TRUE,FALSE,TRUE
222,TEN,ETH,0xDD16eC0F66E54d453e6756713E533355989040E4,0xC02aaA39b223FE8D0A0e5C4F27eAD9083C756Cc2,18,18,Ethereum,400,350,FALSE,FALSE,FALSE,TRUE,TRUE,TRUE,TRUE,FALSE,FALSE,TRUE,TRUE
223,THE,USDT,0xf4c8e32eadec4bfe97e0f595add0f4450a863a11,0x55d398326f99059fF775485246999027B3197955,18,18,BSC,1000,900,TRUE,FALSE,FALSE,FALSE,TRUE,FALSE,TRUE,TRUE,TRUE,FALSE,TRUE
224,TKO,USDT,0x9f589e3eabe42ebc94a44727b3f3531c0c877809,0x55d398326f99059fF775485246999027B3197955,18,18,BSC,500,400,TRUE,FALSE,FALSE,FALSE,TRUE,TRUE,TRUE,TRUE,TRUE,TRUE,TRUE
225,TRX,USDT,0xce7de646e7208a4ef112cb6ed5038fa6cc6b12e3,0x55d398326f99059fF775485246999027B3197955,6,18,BSC,500,400,TRUE,FALSE,FALSE,FALSE,FALSE,FALSE,TRUE,TRUE,TRUE,TRUE,TRUE
226,TST,USDT,0x86bb94ddd16efc8bc58e6b056e8df71d9e666429,0x55d398326f99059fF775485246999027B3197955,18,18,BSC,300,200,TRUE,FALSE,FALSE,FALSE,TRUE,TRUE,TRUE,TRUE,TRUE,TRUE,TRUE
227,TUNE,ETH,0x1Fac00CceE478eCeD6A120a50Ed2Ab28EE7FE32b,0xC02aaA39b223FE8D0A0e5C4F27eAD9083C756Cc2,18,18,Ethereum,300,250,FALSE,FALSE,TRUE,FALSE,FALSE,FALSE,TRUE,FALSE,FALSE,TRUE,TRUE
228,TUSD,USDT,0x40af3827f39d0eacbf4a168f8d4ee67c121d11c9,0x55d398326f99059fF775485246999027B3197955,18,18,BSC,500,400,TRUE,FALSE,FALSE,FALSE,TRUE,TRUE,TRUE,TRUE,TRUE,TRUE,FALSE
229,TUT,USDT,0xcaae2a2f939f51d97cdfa9a86e79e3f085b799f3,0x55d398326f99059fF775485246999027B3197955,18,18,BSC,500,400,TRUE,FALSE,FALSE,FALSE,TRUE,TRUE,TRUE,FALSE,TRUE,TRUE,TRUE
230,TWT,USDT,0x4b0f1812e5df2a09796481ff14017e6005508003,0x55d398326f99059fF775485246999027B3197955,18,18,BSC,300,200,TRUE,FALSE,FALSE,FALSE,TRUE,TRUE,TRUE,FALSE,TRUE,TRUE,TRUE
231,UNFI,ETH,0x441761326490cACF7aF299725B6292597EE822c2,0xC02aaA39b223FE8D0A0e5C4F27eAD9083C756Cc2,18,18,Ethereum,60,50,FALSE,FALSE,TRUE,FALSE,TRUE,TRUE,TRUE,FALSE,FALSE,TRUE,TRUE
232,UNI,USDT,0xbf5140a22578168fd562dccf235e5d43a02ce9b1,0x55d398326f99059fF775485246999027B3197955,18,18,BSC,500,400,TRUE,FALSE,FALSE,FALSE,FALSE,FALSE,TRUE,TRUE,TRUE,TRUE,TRUE
233,UNI,LTC,0xbf5140a22578168fd562dccf235e5d43a02ce9b1,0x4338665cbb7b2485a8855a139b75d5e34ab0db94,18,18,BSC,500,100,TRUE,FALSE,FALSE,FALSE,TRUE,FALSE,TRUE,FALSE,FALSE,TRUE,TRUE
234,USD1,USDT,0x8d0d000ee44948fc98c9b98a4fa4921476f08b0d,0x55d398326f99059fF775485246999027B3197955,18,18,BSC,500,400,TRUE,FALSE,FALSE,FALSE,TRUE,TRUE,TRUE,TRUE,TRUE,TRUE,FALSE
235,USDC,USDT,0x8ac76a51cc950d9822d68b83fe1ad97b32cd580d,0x55d398326f99059fF775485246999027B3197955,18,18,BSC,500,400,TRUE,FALSE,FALSE,FALSE,TRUE,TRUE,TRUE,TRUE,TRUE,TRUE,FALSE
236,USDP,USDT,0xb3c11196a4f3b1da7c23d9fb0a3dde9c6340934f,0x55d398326f99059fF775485246999027B3197955,18,18,BSC,100,100,TRUE,FALSE,FALSE,FALSE,TRUE,TRUE,TRUE,TRUE,TRUE,TRUE,FALSE
237,VALUE,ETH,0x49E833337ECe7aFE375e44F4E3e8481029218E5c,0xC02aaA39b223FE8D0A0e5C4F27eAD9083C756Cc2,18,18,Ethereum,50,50,FALSE,FALSE,TRUE,FALSE,TRUE,TRUE,TRUE,FALSE,FALSE,TRUE,TRUE
238,VGX,ETH,0x3C4B6E6e1eA3D4863700D7F76b36B7f3D3f13E3d,0xC02aaA39b223FE8D0A0e5C4F27eAD9083C756Cc2,8,18,Ethereum,70,60,FALSE,FALSE,TRUE,FALSE,TRUE,TRUE,TRUE,FALSE,FALSE,TRUE,TRUE
239,VIC,ETH,0x05D3606d5c81EB9b7B18530995eC9B29da05FaBa,0xC02aaA39b223FE8D0A0e5C4F27eAD9083C756Cc2,18,18,Ethereum,250,200,TRUE,FALSE,FALSE,FALSE,FALSE,FALSE,TRUE,TRUE,TRUE,TRUE,TRUE
240,VINU,ETH,0xAFCdd4f666c84Fed1d8BD825aA762e3714F652c9,0xC02aaA39b223FE8D0A0e5C4F27eAD9083C756Cc2,18,18,Ethereum,70,70,FALSE,FALSE,TRUE,FALSE,TRUE,TRUE,TRUE,FALSE,FALSE,TRUE,TRUE
241,VOXEL,USDT,0xd0258a3fD00f38aa8090dfee343f10A9D4d30D3F,0xc2132D05D31c914a87C6611C10748AEb04B58e8F,18,6,Polygon,500,450,TRUE,TRUE,FALSE,FALSE,TRUE,TRUE,TRUE,TRUE,FALSE,TRUE,TRUE
242,WBETH,USDT,0xa2e3356610840701bdf5611a53974510ae27e2e1,0x55d398326f99059fF775485246999027B3197955,18,18,BSC,500,400,TRUE,FALSE,FALSE,FALSE,TRUE,TRUE,TRUE,TRUE,TRUE,TRUE,FALSE
243,WELL3,ETH,0x63696Fc66795B51d02c1590b536484A41fbDDF9a,0xC02aaA39b223FE8D0A0e5C4F27eAD9083C756Cc2,18,18,Ethereum,50,50,FALSE,FALSE,TRUE,FALSE,TRUE,TRUE,TRUE,FALSE,FALSE,TRUE,TRUE
244,WIN,USDT,0xaef0d72a118ce24fee3cd1d43d383897d05b4e99,0x55d398326f99059fF775485246999027B3197955,18,18,BSC,500,400,TRUE,FALSE,FALSE,FALSE,FALSE,FALSE,TRUE,TRUE,TRUE,TRUE,TRUE
245,WOO,USDT,0x4691937a7508860f876c9c0a2a617e7d9e945d4b,0x55d398326f99059fF775485246999027B3197955,18,18,BSC,500,400,TRUE,FALSE,FALSE,FALSE,TRUE,TRUE,TRUE,FALSE,FALSE,TRUE,TRUE
246,WORK,ETH,0x8888888837F84a7A82668E0320AC454f5945d0b9,0xC02aaA39b223FE8D0A0e5C4F27eAD9083C756Cc2,18,18,Ethereum,90,70,FALSE,FALSE,TRUE,FALSE,TRUE,TRUE,TRUE,FALSE,FALSE,TRUE,TRUE
247,WOZX,ETH,0x34950Ff2b487d9E5282c5aB342d08A2f712eb79F,0xC02aaA39b223FE8D0A0e5C4F27eAD9083C756Cc2,18,18,Ethereum,300,350,FALSE,FALSE,FALSE,TRUE,TRUE,FALSE,TRUE,TRUE,FALSE,TRUE,TRUE
248,XEC,USDT,0x0ef2e7602add1733bfdb17ac3094d0421b502ca3,0x55d398326f99059fF775485246999027B3197955,18,18,BSC,100,100,TRUE,FALSE,FALSE,FALSE,TRUE,TRUE,TRUE,FALSE,FALSE,TRUE,TRUE
249,XLM,USDT,0x43c934a845205f0b514417d757d7235b8f53f1b9,0x55d398326f99059fF775485246999027B3197955,18,18,BSC,50,40,TRUE,FALSE,FALSE,FALSE,TRUE,TRUE,TRUE,FALSE,TRUE,TRUE,TRUE
250,XRP,USDT,0x1d2f0da169ceb9fc7b3144628db156f3f6c60dbe,0x55d398326f99059fF775485246999027B3197955,18,18,BSC,500,400,TRUE,FALSE,FALSE,FALSE,FALSE,FALSE,TRUE,TRUE,TRUE,TRUE,TRUE
251,XTZ,USDT,0x16939ef78684453bfdfb47825f8a5f714f12623a,0x55d398326f99059fF775485246999027B3197955,18,18,BSC,500,400,TRUE,FALSE,FALSE,FALSE,TRUE,TRUE,TRUE,FALSE,FALSE,FALSE,TRUE
252,XUSD,USDT,0xf81ac2e1a0373dde1bce01e2fe694a9b7e3bfcb9,0x55d398326f99059fF775485246999027B3197955,6,18,BSC,10000,10000,TRUE,FALSE,FALSE,FALSE,TRUE,TRUE,TRUE,TRUE,TRUE,TRUE,FALSE
253,XVS,USDT,0xcf6bb5389c92bdda8a3747ddb454cb7a64626c63,0x55d398326f99059fF775485246999027B3197955,18,18,BSC,500,400,TRUE,FALSE,FALSE,FALSE,FALSE,FALSE,TRUE,TRUE,TRUE,TRUE,TRUE
254,XVS,UNI,0xcF6BB5389c92Bdda8a3747Ddb454cB7a64626C63,0xBf5140A22578168FD562DCcF235E5D43A02ce9B1,18,18,BSC,1300,1000,TRUE,FALSE,FALSE,FALSE,TRUE,FALSE,TRUE,TRUE,TRUE,TRUE,TRUE
255,XZK,ETH,0xe8fC52b1bb3a40fd8889C0f8f75879676310dDf0,0xC02aaA39b223FE8D0A0e5C4F27eAD9083C756Cc2,18,18,Ethereum,100,100,FALSE,FALSE,TRUE,FALSE,TRUE,TRUE,TRUE,FALSE,FALSE,TRUE,TRUE
256,ZEC,USDT,0x1ba42e5193dfa8b03d15dd1b86a3113bbbef8eeb,0x55d398326f99059fF775485246999027B3197955,18,18,BSC,150,150,TRUE,FALSE,FALSE,FALSE,FALSE,FALSE,TRUE,TRUE,TRUE,TRUE,TRUE
257,ZIL,USDT,0xb86abcb37c3a4b64f74f59301aff131a1becc787,0x55d398326f99059fF775485246999027B3197955,12,18,BSC,500,400,TRUE,FALSE,FALSE,FALSE,TRUE,TRUE,FALSE,FALSE,FALSE,FALSE,TRUE
258,ZKL,ETH,0xfC385A1dF85660a7e041423DB512f779070FCede,0xC02aaA39b223FE8D0A0e5C4F27eAD9083C756Cc2,18,18,Ethereum,100,100,FALSE,FALSE,TRUE,FALSE,TRUE,TRUE,TRUE,FALSE,FALSE,TRUE,TRUE
259,ZRO,USDT,0x6985884c4392d348587b19cb9eaaf157f13271cd,0x55d398326f99059fF775485246999027B3197955,18,18,BSC,1200,1000,TRUE,FALSE,FALSE,FALSE,TRUE,FALSE,TRUE,TRUE,FALSE,FALSE,TRUE